idna_subject,checker_type,destination,source,tested_at,session_id
id.google.az,AVAILABILITY,origin.list,origin.list,2001-09-17 00:40:39.780004,f5c749c6af23bb72fd09fdcd
id.google.ba,AVAILABILITY,origin.list,origin.list,2001-09-17 00:40:39.785089,f5c749c6af23bb72fd09fdcd
id.google.be,AVAILABILITY,origin.list,origin.list,2001-09-17 00:40:39.792255,f5c749c6af23bb72fd09fdcd
id.google.bf,AVAILABILITY,origin.list,origin.list,2001-09-17 00:40:39.797508,f5c749c6af23bb72fd09fdcd
id.google.bg,AVAILABILITY,origin.list,origin.list,2001-09-17 00:40:39.802884,f5c749c6af23bb72fd09fdcd
id.google.bi,AVAILABILITY,origin.list,origin.list,2001-09-17 00:40:39.808115,f5c749c6af23bb72fd09fdcd
id.google.bj,AVAILABILITY,origin.list,origin.list,2001-09-17 00:40:39.813562,f5c749c6af23bb72fd09fdcd
id.google.bs,AVAILABILITY,origin.list,origin.list,2001-09-17 00:40:39.818765,f5c749c6af23bb72fd09fdcd
id.google.bt,AVAILABILITY,origin.list,origin.list,2001-09-17 00:40:39.824681,f5c749c6af23bb72fd09fdcd
id.google.by,AVAILABILITY,origin.list,origin.list,2001-09-17 00:40:39.829839,f5c749c6af23bb72fd09fdcd
id.google.ca,AVAILABILITY,origin.list,origin.list,2001-09-17 00:40:39.835766,f5c749c6af23bb72fd09fdcd
id.google.cat,AVAILABILITY,origin.list,origin.list,2001-09-17 00:40:39.841718,f5c749c6af23bb72fd09fdcd
id.google.cc,AVAILABILITY,origin.list,origin.list,2001-09-17 00:40:39.847775,f5c749c6af23bb72fd09fdcd
id.google.cd,AVAILABILITY,origin.list,origin.list,2001-09-17 00:40:39.853352,f5c749c6af23bb72fd09fdcd
id.google.cf,AVAILABILITY,origin.list,origin.list,2001-09-17 00:40:39.863221,f5c749c6af23bb72fd09fdcd
id.google.cg,AVAILABILITY,origin.list,origin.list,2001-09-17 00:40:39.868401,f5c749c6af23bb72fd09fdcd
id.google.ch,AVAILABILITY,origin.list,origin.list,2001-09-17 00:40:39.873809,f5c749c6af23bb72fd09fdcd
id.google.ci,AVAILABILITY,origin.list,origin.list,2001-09-17 00:40:39.879279,f5c749c6af23bb72fd09fdcd
id.google.cl,AVAILABILITY,origin.list,origin.list,2001-09-17 00:40:39.884425,f5c749c6af23bb72fd09fdcd
id.google.cm,AVAILABILITY,origin.list,origin.list,2001-09-17 00:40:39.889556,f5c749c6af23bb72fd09fdcd
id.google.cn,AVAILABILITY,origin.list,origin.list,2001-09-17 00:40:39.896050,f5c749c6af23bb72fd09fdcd
id.google.co.ao,AVAILABILITY,origin.list,origin.list,2001-09-17 00:40:39.901396,f5c749c6af23bb72fd09fdcd
id.google.co.bw,AVAILABILITY,origin.list,origin.list,2001-09-17 00:40:39.907323,f5c749c6af23bb72fd09fdcd
id.google.co.ck,AVAILABILITY,origin.list,origin.list,2001-09-17 00:40:39.913390,f5c749c6af23bb72fd09fdcd
id.google.co.cr,AVAILABILITY,origin.list,origin.list,2001-09-17 00:40:39.918893,f5c749c6af23bb72fd09fdcd
id.google.co.hu,AVAILABILITY,origin.list,origin.list,2001-09-17 00:40:39.924449,f5c749c6af23bb72fd09fdcd
id.google.co.id,AVAILABILITY,origin.list,origin.list,2001-09-17 00:40:39.930028,f5c749c6af23bb72fd09fdcd
id.google.co.il,AVAILABILITY,origin.list,origin.list,2001-09-17 00:40:39.936165,f5c749c6af23bb72fd09fdcd
id.google.co.im,AVAILABILITY,origin.list,origin.list,2001-09-17 00:40:39.941670,f5c749c6af23bb72fd09fdcd
id.google.co.in,AVAILABILITY,origin.list,origin.list,2001-09-17 00:40:39.947403,f5c749c6af23bb72fd09fdcd
id.google.co.je,AVAILABILITY,origin.list,origin.list,2001-09-17 00:40:39.953095,f5c749c6af23bb72fd09fdcd
id.google.co.jp,AVAILABILITY,origin.list,origin.list,2001-09-17 00:40:39.959783,f5c749c6af23bb72fd09fdcd
id.google.co.ke,AVAILABILITY,origin.list,origin.list,2001-09-17 00:40:39.965889,f5c749c6af23bb72fd09fdcd
id.google.co.kr,AVAILABILITY,origin.list,origin.list,2001-09-17 00:40:39.971624,f5c749c6af23bb72fd09fdcd
id.google.co.ls,AVAILABILITY,origin.list,origin.list,2001-09-17 00:40:39.978812,f5c749c6af23bb72fd09fdcd
id.google.co.ma,AVAILABILITY,origin.list,origin.list,2001-09-17 00:40:39.985084,f5c749c6af23bb72fd09fdcd
id.google.co.mz,AVAILABILITY,origin.list,origin.list,2001-09-17 00:40:39.990487,f5c749c6af23bb72fd09fdcd
id.google.co.nz,AVAILABILITY,origin.list,origin.list,2001-09-17 00:40:39.997427,f5c749c6af23bb72fd09fdcd
id.google.co.th,AVAILABILITY,origin.list,origin.list,2001-09-17 00:40:40.004352,f5c749c6af23bb72fd09fdcd
id.google.co.tz,AVAILABILITY,origin.list,origin.list,2001-09-17 00:40:40.009834,f5c749c6af23bb72fd09fdcd
id.google.co.ug,AVAILABILITY,origin.list,origin.list,2001-09-17 00:40:40.017398,f5c749c6af23bb72fd09fdcd
id.google.co.uk,AVAILABILITY,origin.list,origin.list,2001-09-17 00:40:40.023802,f5c749c6af23bb72fd09fdcd
id.google.co.uz,AVAILABILITY,origin.list,origin.list,2001-09-17 00:40:40.030323,f5c749c6af23bb72fd09fdcd
id.google.co.ve,AVAILABILITY,origin.list,origin.list,2001-09-17 00:40:40.036542,f5c749c6af23bb72fd09fdcd
id.google.co.vi,AVAILABILITY,origin.list,origin.list,2001-09-17 00:40:40.042450,f5c749c6af23bb72fd09fdcd
id.google.co.za,AVAILABILITY,origin.list,origin.list,2001-09-17 00:40:40.048050,f5c749c6af23bb72fd09fdcd
id.google.co.zm,AVAILABILITY,origin.list,origin.list,2001-09-17 00:40:40.054282,f5c749c6af23bb72fd09fdcd
id.google.co.zw,AVAILABILITY,origin.list,origin.list,2001-09-17 00:40:40.059963,f5c749c6af23bb72fd09fdcd
id.google.com,AVAILABILITY,origin.list,origin.list,2001-09-17 00:40:40.065741,f5c749c6af23bb72fd09fdcd
id.google.com.af,AVAILABILITY,origin.list,origin.list,2001-09-17 00:40:40.071311,f5c749c6af23bb72fd09fdcd
id.google.com.ag,AVAILABILITY,origin.list,origin.list,2001-09-17 00:40:40.077568,f5c749c6af23bb72fd09fdcd
id.google.com.ai,AVAILABILITY,origin.list,origin.list,2001-09-17 00:40:40.083353,f5c749c6af23bb72fd09fdcd
id.google.com.ar,AVAILABILITY,origin.list,origin.list,2001-09-17 00:40:40.088960,f5c749c6af23bb72fd09fdcd
id.google.com.au,AVAILABILITY,origin.list,origin.list,2001-09-17 00:40:40.095155,f5c749c6af23bb72fd09fdcd
id.google.com.bd,AVAILABILITY,origin.list,origin.list,2001-09-17 00:40:40.101050,f5c749c6af23bb72fd09fdcd
id.google.com.bh,AVAILABILITY,origin.list,origin.list,2001-09-17 00:40:40.107287,f5c749c6af23bb72fd09fdcd
id.google.com.bn,AVAILABILITY,origin.list,origin.list,2001-09-17 00:40:40.113277,f5c749c6af23bb72fd09fdcd
id.google.com.bo,AVAILABILITY,origin.list,origin.list,2001-09-17 00:40:40.119020,f5c749c6af23bb72fd09fdcd
id.google.com.br,AVAILABILITY,origin.list,origin.list,2001-09-17 00:40:40.125000,f5c749c6af23bb72fd09fdcd
id.google.com.by,AVAILABILITY,origin.list,origin.list,2001-09-17 00:40:40.131628,f5c749c6af23bb72fd09fdcd
id.google.com.bz,AVAILABILITY,origin.list,origin.list,2001-09-17 00:40:40.138605,f5c749c6af23bb72fd09fdcd
id.google.com.cn,AVAILABILITY,origin.list,origin.list,2001-09-17 00:40:40.145294,f5c749c6af23bb72fd09fdcd
id.google.com.co,AVAILABILITY,origin.list,origin.list,2001-09-17 00:40:40.151248,f5c749c6af23bb72fd09fdcd
id.google.com.cu,AVAILABILITY,origin.list,origin.list,2001-09-17 00:40:40.157919,f5c749c6af23bb72fd09fdcd
id.google.com.cy,AVAILABILITY,origin.list,origin.list,2001-09-17 00:40:40.164250,f5c749c6af23bb72fd09fdcd
id.google.com.do,AVAILABILITY,origin.list,origin.list,2001-09-17 00:40:40.170451,f5c749c6af23bb72fd09fdcd
id.google.com.ec,AVAILABILITY,origin.list,origin.list,2001-09-17 00:40:40.176739,f5c749c6af23bb72fd09fdcd
id.google.com.eg,AVAILABILITY,origin.list,origin.list,2001-09-17 00:40:40.183043,f5c749c6af23bb72fd09fdcd
id.google.com.et,AVAILABILITY,origin.list,origin.list,2001-09-17 00:40:40.189166,f5c749c6af23bb72fd09fdcd
id.google.com.fj,AVAILABILITY,origin.list,origin.list,2001-09-17 00:40:40.196578,f5c749c6af23bb72fd09fdcd
id.google.com.ge,AVAILABILITY,origin.list,origin.list,2001-09-17 00:40:40.202802,f5c749c6af23bb72fd09fdcd
id.google.com.gh,AVAILABILITY,origin.list,origin.list,2001-09-17 00:40:40.209156,f5c749c6af23bb72fd09fdcd
id.google.com.gi,AVAILABILITY,origin.list,origin.list,2001-09-17 00:40:40.215453,f5c749c6af23bb72fd09fdcd
id.google.com.gr,AVAILABILITY,origin.list,origin.list,2001-09-17 00:40:40.221509,f5c749c6af23bb72fd09fdcd
id.google.com.gt,AVAILABILITY,origin.list,origin.list,2001-09-17 00:40:40.227918,f5c749c6af23bb72fd09fdcd
id.google.com.hk,AVAILABILITY,origin.list,origin.list,2001-09-17 00:40:40.234509,f5c749c6af23bb72fd09fdcd
id.google.com.iq,AVAILABILITY,origin.list,origin.list,2001-09-17 00:40:40.241029,f5c749c6af23bb72fd09fdcd
id.google.com.jm,AVAILABILITY,origin.list,origin.list,2001-09-17 00:40:40.247406,f5c749c6af23bb72fd09fdcd
id.google.com.jo,AVAILABILITY,origin.list,origin.list,2001-09-17 00:40:40.253605,f5c749c6af23bb72fd09fdcd
id.google.com.kh,AVAILABILITY,origin.list,origin.list,2001-09-17 00:40:40.260280,f5c749c6af23bb72fd09fdcd
id.google.com.kw,AVAILABILITY,origin.list,origin.list,2001-09-17 00:40:40.266473,f5c749c6af23bb72fd09fdcd
id.google.com.lb,AVAILABILITY,origin.list,origin.list,2001-09-17 00:40:40.272590,f5c749c6af23bb72fd09fdcd
id.google.com.ly,AVAILABILITY,origin.list,origin.list,2001-09-17 00:40:40.280289,f5c749c6af23bb72fd09fdcd
id.google.com.mm,AVAILABILITY,origin.list,origin.list,2001-09-17 00:40:40.286676,f5c749c6af23bb72fd09fdcd
id.google.com.mt,AVAILABILITY,origin.list,origin.list,2001-09-17 00:40:40.292936,f5c749c6af23bb72fd09fdcd
id.google.com.mx,AVAILABILITY,origin.list,origin.list,2001-09-17 00:40:40.300482,f5c749c6af23bb72fd09fdcd
id.google.com.my,AVAILABILITY,origin.list,origin.list,2001-09-17 00:40:40.307366,f5c749c6af23bb72fd09fdcd
id.google.com.na,AVAILABILITY,origin.list,origin.list,2001-09-17 00:40:40.315029,f5c749c6af23bb72fd09fdcd
id.google.com.nf,AVAILABILITY,origin.list,origin.list,2001-09-17 00:40:40.321947,f5c749c6af23bb72fd09fdcd
id.google.com.ng,AVAILABILITY,origin.list,origin.list,2001-09-17 00:40:40.329536,f5c749c6af23bb72fd09fdcd
id.google.com.ni,AVAILABILITY,origin.list,origin.list,2001-09-17 00:40:40.336593,f5c749c6af23bb72fd09fdcd
id.google.com.np,AVAILABILITY,origin.list,origin.list,2001-09-17 00:40:40.343210,f5c749c6af23bb72fd09fdcd
id.google.com.nr,AVAILABILITY,origin.list,origin.list,2001-09-17 00:40:40.349833,f5c749c6af23bb72fd09fdcd
id.google.com.om,AVAILABILITY,origin.list,origin.list,2001-09-17 00:40:40.356825,f5c749c6af23bb72fd09fdcd
id.google.com.pa,AVAILABILITY,origin.list,origin.list,2001-09-17 00:40:40.364290,f5c749c6af23bb72fd09fdcd
id.google.com.pe,AVAILABILITY,origin.list,origin.list,2001-09-17 00:40:40.371299,f5c749c6af23bb72fd09fdcd
id.google.com.pg,AVAILABILITY,origin.list,origin.list,2001-09-17 00:40:40.378315,f5c749c6af23bb72fd09fdcd
id.google.com.ph,AVAILABILITY,origin.list,origin.list,2001-09-17 00:40:40.384798,f5c749c6af23bb72fd09fdcd
id.google.com.pk,AVAILABILITY,origin.list,origin.list,2001-09-17 00:40:40.391594,f5c749c6af23bb72fd09fdcd
id.google.com.pl,AVAILABILITY,origin.list,origin.list,2001-09-17 00:40:40.398754,f5c749c6af23bb72fd09fdcd
id.google.com.pr,AVAILABILITY,origin.list,origin.list,2001-09-17 00:40:40.405821,f5c749c6af23bb72fd09fdcd
id.google.com.py,AVAILABILITY,origin.list,origin.list,2001-09-17 00:40:40.414587,f5c749c6af23bb72fd09fdcd
id.google.com.qa,AVAILABILITY,origin.list,origin.list,2001-09-17 00:40:40.421945,f5c749c6af23bb72fd09fdcd
id.google.com.ru,AVAILABILITY,origin.list,origin.list,2001-09-17 00:40:40.429398,f5c749c6af23bb72fd09fdcd
id.google.com.sa,AVAILABILITY,origin.list,origin.list,2001-09-17 00:40:40.437192,f5c749c6af23bb72fd09fdcd
id.google.com.sb,AVAILABILITY,origin.list,origin.list,2001-09-17 00:40:40.444360,f5c749c6af23bb72fd09fdcd
id.google.com.sg,AVAILABILITY,origin.list,origin.list,2001-09-17 00:40:40.451351,f5c749c6af23bb72fd09fdcd
id.google.com.sl,AVAILABILITY,origin.list,origin.list,2001-09-17 00:40:40.459023,f5c749c6af23bb72fd09fdcd
id.google.com.sv,AVAILABILITY,origin.list,origin.list,2001-09-17 00:40:40.465953,f5c749c6af23bb72fd09fdcd
id.google.com.tj,AVAILABILITY,origin.list,origin.list,2001-09-17 00:40:40.473084,f5c749c6af23bb72fd09fdcd
id.google.com.tn,AVAILABILITY,origin.list,origin.list,2001-09-17 00:40:40.480314,f5c749c6af23bb72fd09fdcd
id.google.com.tr,AVAILABILITY,origin.list,origin.list,2001-09-17 00:40:40.487327,f5c749c6af23bb72fd09fdcd
id.google.com.tw,AVAILABILITY,origin.list,origin.list,2001-09-17 00:40:40.494150,f5c749c6af23bb72fd09fdcd
id.google.com.ua,AVAILABILITY,origin.list,origin.list,2001-09-17 00:40:40.501546,f5c749c6af23bb72fd09fdcd
id.google.com.uy,AVAILABILITY,origin.list,origin.list,2001-09-17 00:40:40.510239,f5c749c6af23bb72fd09fdcd
id.google.com.vc,AVAILABILITY,origin.list,origin.list,2001-09-17 00:40:40.517542,f5c749c6af23bb72fd09fdcd
id.google.com.ve,AVAILABILITY,origin.list,origin.list,2001-09-17 00:40:40.524847,f5c749c6af23bb72fd09fdcd
id.google.com.vn,AVAILABILITY,origin.list,origin.list,2001-09-17 00:40:40.531765,f5c749c6af23bb72fd09fdcd
id.google.cv,AVAILABILITY,origin.list,origin.list,2001-09-17 00:40:40.539054,f5c749c6af23bb72fd09fdcd
id.google.cz,AVAILABILITY,origin.list,origin.list,2001-09-17 00:40:40.546739,f5c749c6af23bb72fd09fdcd
id.google.de,AVAILABILITY,origin.list,origin.list,2001-09-17 00:40:40.554265,f5c749c6af23bb72fd09fdcd
id.google.dj,AVAILABILITY,origin.list,origin.list,2001-09-17 00:40:40.562244,f5c749c6af23bb72fd09fdcd
id.google.dk,AVAILABILITY,origin.list,origin.list,2001-09-17 00:40:40.570897,f5c749c6af23bb72fd09fdcd
id.google.dm,AVAILABILITY,origin.list,origin.list,2001-09-17 00:40:40.578123,f5c749c6af23bb72fd09fdcd
id.google.dz,AVAILABILITY,origin.list,origin.list,2001-09-17 00:40:40.590941,f5c749c6af23bb72fd09fdcd
id.google.ee,AVAILABILITY,origin.list,origin.list,2001-09-17 00:40:40.598263,f5c749c6af23bb72fd09fdcd
id.google.es,AVAILABILITY,origin.list,origin.list,2001-09-17 00:40:40.605341,f5c749c6af23bb72fd09fdcd
id.google.fi,AVAILABILITY,origin.list,origin.list,2001-09-17 00:40:40.612458,f5c749c6af23bb72fd09fdcd
id.google.fm,AVAILABILITY,origin.list,origin.list,2001-09-17 00:40:40.621714,f5c749c6af23bb72fd09fdcd
id.google.fr,AVAILABILITY,origin.list,origin.list,2001-09-17 00:40:40.630495,f5c749c6af23bb72fd09fdcd
id.google.ga,AVAILABILITY,origin.list,origin.list,2001-09-17 00:40:40.638301,f5c749c6af23bb72fd09fdcd
id.google.ge,AVAILABILITY,origin.list,origin.list,2001-09-17 00:40:40.645941,f5c749c6af23bb72fd09fdcd
id.google.gf,AVAILABILITY,origin.list,origin.list,2001-09-17 00:40:40.653352,f5c749c6af23bb72fd09fdcd
id.google.gg,AVAILABILITY,origin.list,origin.list,2001-09-17 00:40:40.661464,f5c749c6af23bb72fd09fdcd
id.google.gl,AVAILABILITY,origin.list,origin.list,2001-09-17 00:40:40.669917,f5c749c6af23bb72fd09fdcd
id.google.gm,AVAILABILITY,origin.list,origin.list,2001-09-17 00:40:40.678624,f5c749c6af23bb72fd09fdcd
id.google.gp,AVAILABILITY,origin.list,origin.list,2001-09-17 00:40:40.686267,f5c749c6af23bb72fd09fdcd
id.google.gr,AVAILABILITY,origin.list,origin.list,2001-09-17 00:40:40.693677,f5c749c6af23bb72fd09fdcd
id.google.gy,AVAILABILITY,origin.list,origin.list,2001-09-17 00:40:40.702452,f5c749c6af23bb72fd09fdcd
id.google.hk,AVAILABILITY,origin.list,origin.list,2001-09-17 00:40:40.711898,f5c749c6af23bb72fd09fdcd
id.google.hn,AVAILABILITY,origin.list,origin.list,2001-09-17 00:40:40.721355,f5c749c6af23bb72fd09fdcd
id.google.hr,AVAILABILITY,origin.list,origin.list,2001-09-17 00:40:40.729513,f5c749c6af23bb72fd09fdcd
id.google.ht,AVAILABILITY,origin.list,origin.list,2001-09-17 00:40:40.737476,f5c749c6af23bb72fd09fdcd
id.google.hu,AVAILABILITY,origin.list,origin.list,2001-09-17 00:40:40.745332,f5c749c6af23bb72fd09fdcd
id.google.ie,AVAILABILITY,origin.list,origin.list,2001-09-17 00:40:40.754601,f5c749c6af23bb72fd09fdcd
id.google.im,AVAILABILITY,origin.list,origin.list,2001-09-17 00:40:40.762447,f5c749c6af23bb72fd09fdcd
id.google.in,AVAILABILITY,origin.list,origin.list,2001-09-17 00:40:40.769728,f5c749c6af23bb72fd09fdcd
id.google.io,AVAILABILITY,origin.list,origin.list,2001-09-17 00:40:40.778514,f5c749c6af23bb72fd09fdcd
id.google.iq,AVAILABILITY,origin.list,origin.list,2001-09-17 00:40:40.787361,f5c749c6af23bb72fd09fdcd
id.google.is,AVAILABILITY,origin.list,origin.list,2001-09-17 00:40:40.796140,f5c749c6af23bb72fd09fdcd
id.google.it,AVAILABILITY,origin.list,origin.list,2001-09-17 00:40:40.804355,f5c749c6af23bb72fd09fdcd
id.google.it.ao,AVAILABILITY,origin.list,origin.list,2001-09-17 00:40:40.812290,f5c749c6af23bb72fd09fdcd
id.google.je,AVAILABILITY,origin.list,origin.list,2001-09-17 00:40:40.820246,f5c749c6af23bb72fd09fdcd
id.google.jo,AVAILABILITY,origin.list,origin.list,2001-09-17 00:40:40.829612,f5c749c6af23bb72fd09fdcd
id.google.jp,AVAILABILITY,origin.list,origin.list,2001-09-17 00:40:40.837523,f5c749c6af23bb72fd09fdcd
id.google.kg,AVAILABILITY,origin.list,origin.list,2001-09-17 00:40:40.845725,f5c749c6af23bb72fd09fdcd
id.google.ki,AVAILABILITY,origin.list,origin.list,2001-09-17 00:40:40.856082,f5c749c6af23bb72fd09fdcd
id.google.kz,AVAILABILITY,origin.list,origin.list,2001-09-17 00:40:40.865315,f5c749c6af23bb72fd09fdcd
id.google.la,AVAILABILITY,origin.list,origin.list,2001-09-17 00:40:40.873119,f5c749c6af23bb72fd09fdcd
id.google.li,AVAILABILITY,origin.list,origin.list,2001-09-17 00:40:40.880789,f5c749c6af23bb72fd09fdcd
id.google.lk,AVAILABILITY,origin.list,origin.list,2001-09-17 00:40:40.889570,f5c749c6af23bb72fd09fdcd
id.google.lt,AVAILABILITY,origin.list,origin.list,2001-09-17 00:40:40.898506,f5c749c6af23bb72fd09fdcd
id.google.lu,AVAILABILITY,origin.list,origin.list,2001-09-17 00:40:40.906610,f5c749c6af23bb72fd09fdcd
id.google.lv,AVAILABILITY,origin.list,origin.list,2001-09-17 00:40:40.914521,f5c749c6af23bb72fd09fdcd
id.google.md,AVAILABILITY,origin.list,origin.list,2001-09-17 00:40:40.922501,f5c749c6af23bb72fd09fdcd
id.google.me,AVAILABILITY,origin.list,origin.list,2001-09-17 00:40:40.932092,f5c749c6af23bb72fd09fdcd
id.google.mg,AVAILABILITY,origin.list,origin.list,2001-09-17 00:40:40.949445,f5c749c6af23bb72fd09fdcd
id.google.mk,AVAILABILITY,origin.list,origin.list,2001-09-17 00:40:40.958344,f5c749c6af23bb72fd09fdcd
id.google.ml,AVAILABILITY,origin.list,origin.list,2001-09-17 00:40:40.966471,f5c749c6af23bb72fd09fdcd
id.google.mn,AVAILABILITY,origin.list,origin.list,2001-09-17 00:40:40.974334,f5c749c6af23bb72fd09fdcd
id.google.ms,AVAILABILITY,origin.list,origin.list,2001-09-17 00:40:40.982063,f5c749c6af23bb72fd09fdcd
id.google.mu,AVAILABILITY,origin.list,origin.list,2001-09-17 00:40:40.990569,f5c749c6af23bb72fd09fdcd
id.google.mv,AVAILABILITY,origin.list,origin.list,2001-09-17 00:40:40.999886,f5c749c6af23bb72fd09fdcd
id.google.mw,AVAILABILITY,origin.list,origin.list,2001-09-17 00:40:41.008292,f5c749c6af23bb72fd09fdcd
id.google.ne,AVAILABILITY,origin.list,origin.list,2001-09-17 00:40:41.016748,f5c749c6af23bb72fd09fdcd
id.google.ne.jp,AVAILABILITY,origin.list,origin.list,2001-09-17 00:40:41.027581,f5c749c6af23bb72fd09fdcd
id.google.ng,AVAILABILITY,origin.list,origin.list,2001-09-17 00:40:41.037475,f5c749c6af23bb72fd09fdcd
id.google.nl,AVAILABILITY,origin.list,origin.list,2001-09-17 00:40:41.046688,f5c749c6af23bb72fd09fdcd
id.google.no,AVAILABILITY,origin.list,origin.list,2001-09-17 00:40:41.055780,f5c749c6af23bb72fd09fdcd
id.google.nr,AVAILABILITY,origin.list,origin.list,2001-09-17 00:40:41.063963,f5c749c6af23bb72fd09fdcd
id.google.nu,AVAILABILITY,origin.list,origin.list,2001-09-17 00:40:41.073089,f5c749c6af23bb72fd09fdcd
id.google.off.ai,AVAILABILITY,origin.list,origin.list,2001-09-17 00:40:41.082231,f5c749c6af23bb72fd09fdcd
id.google.pk,AVAILABILITY,origin.list,origin.list,2001-09-17 00:40:41.090526,f5c749c6af23bb72fd09fdcd
id.google.pl,AVAILABILITY,origin.list,origin.list,2001-09-17 00:40:41.098931,f5c749c6af23bb72fd09fdcd
id.google.pn,AVAILABILITY,origin.list,origin.list,2001-09-17 00:40:41.107466,f5c749c6af23bb72fd09fdcd
id.google.ps,AVAILABILITY,origin.list,origin.list,2001-09-17 00:40:41.115891,f5c749c6af23bb72fd09fdcd
id.google.pt,AVAILABILITY,origin.list,origin.list,2001-09-17 00:40:41.124189,f5c749c6af23bb72fd09fdcd
id.google.ro,AVAILABILITY,origin.list,origin.list,2001-09-17 00:40:41.133635,f5c749c6af23bb72fd09fdcd
id.google.rs,AVAILABILITY,origin.list,origin.list,2001-09-17 00:40:41.141885,f5c749c6af23bb72fd09fdcd
id.google.ru,AVAILABILITY,origin.list,origin.list,2001-09-17 00:40:41.150327,f5c749c6af23bb72fd09fdcd
id.google.rw,AVAILABILITY,origin.list,origin.list,2001-09-17 00:40:41.158857,f5c749c6af23bb72fd09fdcd
id.google.sc,AVAILABILITY,origin.list,origin.list,2001-09-17 00:40:41.167568,f5c749c6af23bb72fd09fdcd
id.google.se,AVAILABILITY,origin.list,origin.list,2001-09-17 00:40:41.175867,f5c749c6af23bb72fd09fdcd
id.google.sh,AVAILABILITY,origin.list,origin.list,2001-09-17 00:40:41.184254,f5c749c6af23bb72fd09fdcd
id.google.si,AVAILABILITY,origin.list,origin.list,2001-09-17 00:40:41.193034,f5c749c6af23bb72fd09fdcd
id.google.sk,AVAILABILITY,origin.list,origin.list,2001-09-17 00:40:41.201456,f5c749c6af23bb72fd09fdcd
id.google.sm,AVAILABILITY,origin.list,origin.list,2001-09-17 00:40:41.210271,f5c749c6af23bb72fd09fdcd
id.google.sn,AVAILABILITY,origin.list,origin.list,2001-09-17 00:40:41.218927,f5c749c6af23bb72fd09fdcd
id.google.so,AVAILABILITY,origin.list,origin.list,2001-09-17 00:40:41.228592,f5c749c6af23bb72fd09fdcd
id.google.sr,AVAILABILITY,origin.list,origin.list,2001-09-17 00:40:41.238001,f5c749c6af23bb72fd09fdcd
id.google.st,AVAILABILITY,origin.list,origin.list,2001-09-17 00:40:41.246803,f5c749c6af23bb72fd09fdcd
id.google.td,AVAILABILITY,origin.list,origin.list,2001-09-17 00:40:41.254937,f5c749c6af23bb72fd09fdcd
id.google.tel,AVAILABILITY,origin.list,origin.list,2001-09-17 00:40:41.265102,f5c749c6af23bb72fd09fdcd
id.google.tg,AVAILABILITY,origin.list,origin.list,2001-09-17 00:40:41.274185,f5c749c6af23bb72fd09fdcd
id.google.tk,AVAILABILITY,origin.list,origin.list,2001-09-17 00:40:41.282943,f5c749c6af23bb72fd09fdcd
id.google.tl,AVAILABILITY,origin.list,origin.list,2001-09-17 00:40:41.291809,f5c749c6af23bb72fd09fdcd
id.google.tm,AVAILABILITY,origin.list,origin.list,2001-09-17 00:40:41.300648,f5c749c6af23bb72fd09fdcd
id.google.tn,AVAILABILITY,origin.list,origin.list,2001-09-17 00:40:41.311232,f5c749c6af23bb72fd09fdcd
id.google.to,AVAILABILITY,origin.list,origin.list,2001-09-17 00:40:41.320409,f5c749c6af23bb72fd09fdcd
id.google.tt,AVAILABILITY,origin.list,origin.list,2001-09-17 00:40:41.331403,f5c749c6af23bb72fd09fdcd
id.google.tw,AVAILABILITY,origin.list,origin.list,2001-09-17 00:40:41.340076,f5c749c6af23bb72fd09fdcd
id.google.ua,AVAILABILITY,origin.list,origin.list,2001-09-17 00:40:41.349212,f5c749c6af23bb72fd09fdcd
id.google.us,AVAILABILITY,origin.list,origin.list,2001-09-17 00:40:41.360093,f5c749c6af23bb72fd09fdcd
id.google.uz,AVAILABILITY,origin.list,origin.list,2001-09-17 00:40:41.369050,f5c749c6af23bb72fd09fdcd
id.google.vg,AVAILABILITY,origin.list,origin.list,2001-09-17 00:40:41.378029,f5c749c6af23bb72fd09fdcd
id.google.vu,AVAILABILITY,origin.list,origin.list,2001-09-17 00:40:41.386765,f5c749c6af23bb72fd09fdcd
id.google.ws,AVAILABILITY,origin.list,origin.list,2001-09-17 00:40:41.395444,f5c749c6af23bb72fd09fdcd
id.l.google.com,AVAILABILITY,origin.list,origin.list,2001-09-17 00:40:41.404254,f5c749c6af23bb72fd09fdcd
adservice.google.ac,AVAILABILITY,origin.list,origin.list,2021-09-17 00:40:46.805369,f5c749c6af23bb72fd09fdcd
adservice.google.ad,AVAILABILITY,origin.list,origin.list,2021-09-17 00:40:52.742632,f5c749c6af23bb72fd09fdcd
adservice.google.ae,AVAILABILITY,origin.list,origin.list,2021-09-17 00:40:57.780812,f5c749c6af23bb72fd09fdcd
adservice.google.af,AVAILABILITY,origin.list,origin.list,2021-09-17 00:41:02.883803,f5c749c6af23bb72fd09fdcd
adservice.google.ag,AVAILABILITY,origin.list,origin.list,2021-09-17 00:41:08.132966,f5c749c6af23bb72fd09fdcd
adservice.google.al,AVAILABILITY,origin.list,origin.list,2021-09-17 00:41:13.238814,f5c749c6af23bb72fd09fdcd
adservice.google.am,AVAILABILITY,origin.list,origin.list,2021-09-17 00:41:18.310848,f5c749c6af23bb72fd09fdcd
adservice.google.as,AVAILABILITY,origin.list,origin.list,2021-09-17 00:41:23.346488,f5c749c6af23bb72fd09fdcd
adservice.google.at,AVAILABILITY,origin.list,origin.list,2021-09-17 00:41:28.408076,f5c749c6af23bb72fd09fdcd
adservice.google.az,AVAILABILITY,origin.list,origin.list,2021-09-17 00:41:33.444798,f5c749c6af23bb72fd09fdcd
adservice.google.ba,AVAILABILITY,origin.list,origin.list,2021-09-17 00:41:38.489526,f5c749c6af23bb72fd09fdcd
adservice.google.be,AVAILABILITY,origin.list,origin.list,2021-09-17 00:41:43.529845,f5c749c6af23bb72fd09fdcd
adservice.google.bf,AVAILABILITY,origin.list,origin.list,2021-09-17 00:41:48.672579,f5c749c6af23bb72fd09fdcd
adservice.google.bg,AVAILABILITY,origin.list,origin.list,2021-09-17 00:41:53.717153,f5c749c6af23bb72fd09fdcd
adservice.google.bi,AVAILABILITY,origin.list,origin.list,2021-09-17 00:41:58.805525,f5c749c6af23bb72fd09fdcd
adservice.google.bj,AVAILABILITY,origin.list,origin.list,2021-09-17 00:42:03.850788,f5c749c6af23bb72fd09fdcd
adservice.google.bs,AVAILABILITY,origin.list,origin.list,2021-09-17 00:42:08.904214,f5c749c6af23bb72fd09fdcd
adservice.google.bt,AVAILABILITY,origin.list,origin.list,2021-09-17 00:42:14.059050,f5c749c6af23bb72fd09fdcd
adservice.google.by,AVAILABILITY,origin.list,origin.list,2021-09-17 00:42:19.807031,f5c749c6af23bb72fd09fdcd
adservice.google.ca,AVAILABILITY,origin.list,origin.list,2021-09-17 00:42:24.843888,f5c749c6af23bb72fd09fdcd
adservice.google.cat,AVAILABILITY,origin.list,origin.list,2021-09-17 00:42:30.160531,f5c749c6af23bb72fd09fdcd
adservice.google.cc,AVAILABILITY,origin.list,origin.list,2021-09-17 00:42:35.272953,f5c749c6af23bb72fd09fdcd
adservice.google.cd,AVAILABILITY,origin.list,origin.list,2021-09-17 00:42:40.615212,f5c749c6af23bb72fd09fdcd
adservice.google.cf,AVAILABILITY,origin.list,origin.list,2021-09-17 00:42:46.368963,f5c749c6af23bb72fd09fdcd
adservice.google.cg,AVAILABILITY,origin.list,origin.list,2021-09-17 00:42:51.709200,f5c749c6af23bb72fd09fdcd
adservice.google.ch,AVAILABILITY,origin.list,origin.list,2021-09-17 00:42:56.827726,f5c749c6af23bb72fd09fdcd
adservice.google.ci,AVAILABILITY,origin.list,origin.list,2021-09-17 00:43:01.878916,f5c749c6af23bb72fd09fdcd
adservice.google.cl,AVAILABILITY,origin.list,origin.list,2021-09-17 00:43:06.967924,f5c749c6af23bb72fd09fdcd
adservice.google.cm,AVAILABILITY,origin.list,origin.list,2021-09-17 00:43:12.000939,f5c749c6af23bb72fd09fdcd
adservice.google.co.ao,AVAILABILITY,origin.list,origin.list,2021-09-17 00:43:17.035066,f5c749c6af23bb72fd09fdcd
adservice.google.co.bw,AVAILABILITY,origin.list,origin.list,2021-09-17 00:43:22.077735,f5c749c6af23bb72fd09fdcd
adservice.google.co.ck,AVAILABILITY,origin.list,origin.list,2021-09-17 00:43:27.139403,f5c749c6af23bb72fd09fdcd
adservice.google.co.cr,AVAILABILITY,origin.list,origin.list,2021-09-17 00:43:32.183613,f5c749c6af23bb72fd09fdcd
adservice.google.co.hu,AVAILABILITY,origin.list,origin.list,2021-09-17 00:43:37.211121,f5c749c6af23bb72fd09fdcd
adservice.google.co.id,AVAILABILITY,origin.list,origin.list,2021-09-17 00:43:42.245631,f5c749c6af23bb72fd09fdcd
adservice.google.co.il,AVAILABILITY,origin.list,origin.list,2021-09-17 00:43:47.283228,f5c749c6af23bb72fd09fdcd
adservice.google.co.im,AVAILABILITY,origin.list,origin.list,2021-09-17 00:43:52.470717,f5c749c6af23bb72fd09fdcd
adservice.google.co.in,AVAILABILITY,origin.list,origin.list,2021-09-17 00:43:57.507415,f5c749c6af23bb72fd09fdcd
adservice.google.co.je,AVAILABILITY,origin.list,origin.list,2021-09-17 00:44:02.542658,f5c749c6af23bb72fd09fdcd
adservice.google.co.jp,AVAILABILITY,origin.list,origin.list,2021-09-17 00:44:07.586959,f5c749c6af23bb72fd09fdcd
adservice.google.co.ke,AVAILABILITY,origin.list,origin.list,2021-09-17 00:44:12.615736,f5c749c6af23bb72fd09fdcd
adservice.google.co.kr,AVAILABILITY,origin.list,origin.list,2021-09-17 00:44:17.674314,f5c749c6af23bb72fd09fdcd
adservice.google.co.ls,AVAILABILITY,origin.list,origin.list,2021-09-17 00:44:22.705759,f5c749c6af23bb72fd09fdcd
adservice.google.co.ma,AVAILABILITY,origin.list,origin.list,2021-09-17 00:44:27.783210,f5c749c6af23bb72fd09fdcd
adservice.google.co.mz,AVAILABILITY,origin.list,origin.list,2021-09-17 00:44:32.822769,f5c749c6af23bb72fd09fdcd
adservice.google.co.nz,AVAILABILITY,origin.list,origin.list,2021-09-17 00:44:37.854802,f5c749c6af23bb72fd09fdcd
adservice.google.co.th,AVAILABILITY,origin.list,origin.list,2021-09-17 00:44:42.897970,f5c749c6af23bb72fd09fdcd
adservice.google.co.tz,AVAILABILITY,origin.list,origin.list,2021-09-17 00:44:47.944746,f5c749c6af23bb72fd09fdcd
adservice.google.co.ug,AVAILABILITY,origin.list,origin.list,2021-09-17 00:44:52.981741,f5c749c6af23bb72fd09fdcd
adservice.google.co.uk,AVAILABILITY,origin.list,origin.list,2021-09-17 00:44:58.022265,f5c749c6af23bb72fd09fdcd
adservice.google.co.uz,AVAILABILITY,origin.list,origin.list,2021-09-17 00:45:03.070577,f5c749c6af23bb72fd09fdcd
adservice.google.co.ve,AVAILABILITY,origin.list,origin.list,2021-09-17 00:45:08.122414,f5c749c6af23bb72fd09fdcd
adservice.google.co.vi,AVAILABILITY,origin.list,origin.list,2021-09-17 00:45:13.210706,f5c749c6af23bb72fd09fdcd
adservice.google.co.za,AVAILABILITY,origin.list,origin.list,2021-09-17 00:45:18.242411,f5c749c6af23bb72fd09fdcd
adservice.google.co.zm,AVAILABILITY,origin.list,origin.list,2021-09-17 00:45:23.311286,f5c749c6af23bb72fd09fdcd
adservice.google.co.zw,AVAILABILITY,origin.list,origin.list,2021-09-17 00:45:28.340700,f5c749c6af23bb72fd09fdcd
adservice.google.com,AVAILABILITY,origin.list,origin.list,2021-09-17 00:45:32.507245,f5c749c6af23bb72fd09fdcd
adservice.google.com.af,AVAILABILITY,origin.list,origin.list,2021-09-17 00:45:37.573565,f5c749c6af23bb72fd09fdcd
adservice.google.com.ag,AVAILABILITY,origin.list,origin.list,2021-09-17 00:45:42.976934,f5c749c6af23bb72fd09fdcd
adservice.google.com.ai,AVAILABILITY,origin.list,origin.list,2021-09-17 00:45:48.024594,f5c749c6af23bb72fd09fdcd
adservice.google.com.ar,AVAILABILITY,origin.list,origin.list,2021-09-17 00:45:53.062376,f5c749c6af23bb72fd09fdcd
adservice.google.com.au,AVAILABILITY,origin.list,origin.list,2021-09-17 00:45:58.097560,f5c749c6af23bb72fd09fdcd
adservice.google.com.bd,AVAILABILITY,origin.list,origin.list,2021-09-17 00:46:03.137686,f5c749c6af23bb72fd09fdcd
adservice.google.com.bh,AVAILABILITY,origin.list,origin.list,2021-09-17 00:46:08.398593,f5c749c6af23bb72fd09fdcd
adservice.google.com.bn,AVAILABILITY,origin.list,origin.list,2021-09-17 00:46:13.441360,f5c749c6af23bb72fd09fdcd
adservice.google.com.bo,AVAILABILITY,origin.list,origin.list,2021-09-17 00:46:18.506933,f5c749c6af23bb72fd09fdcd
adservice.google.com.br,AVAILABILITY,origin.list,origin.list,2021-09-17 00:46:23.534084,f5c749c6af23bb72fd09fdcd
adservice.google.com.by,AVAILABILITY,origin.list,origin.list,2021-09-17 00:46:28.811045,f5c749c6af23bb72fd09fdcd
adservice.google.com.bz,AVAILABILITY,origin.list,origin.list,2021-09-17 00:46:34.255345,f5c749c6af23bb72fd09fdcd
adservice.google.com.co,AVAILABILITY,origin.list,origin.list,2021-09-17 00:46:39.301264,f5c749c6af23bb72fd09fdcd
adservice.google.com.cu,AVAILABILITY,origin.list,origin.list,2021-09-17 00:46:44.336360,f5c749c6af23bb72fd09fdcd
adservice.google.com.cy,AVAILABILITY,origin.list,origin.list,2021-09-17 00:46:49.536953,f5c749c6af23bb72fd09fdcd
adservice.google.com.do,AVAILABILITY,origin.list,origin.list,2021-09-17 00:46:54.575518,f5c749c6af23bb72fd09fdcd
adservice.google.com.ec,AVAILABILITY,origin.list,origin.list,2021-09-17 00:46:59.626137,f5c749c6af23bb72fd09fdcd
adservice.google.com.eg,AVAILABILITY,origin.list,origin.list,2021-09-17 00:47:04.664792,f5c749c6af23bb72fd09fdcd
adservice.google.com.et,AVAILABILITY,origin.list,origin.list,2021-09-17 00:47:09.708135,f5c749c6af23bb72fd09fdcd
adservice.google.com.fj,AVAILABILITY,origin.list,origin.list,2021-09-17 00:47:14.747893,f5c749c6af23bb72fd09fdcd
adservice.google.com.ge,AVAILABILITY,origin.list,origin.list,2021-09-17 00:47:20.008243,f5c749c6af23bb72fd09fdcd
adservice.google.com.gh,AVAILABILITY,origin.list,origin.list,2021-09-17 00:47:25.051426,f5c749c6af23bb72fd09fdcd
adservice.google.com.gi,AVAILABILITY,origin.list,origin.list,2021-09-17 00:47:30.447875,f5c749c6af23bb72fd09fdcd
adservice.google.com.gr,AVAILABILITY,origin.list,origin.list,2021-09-17 00:47:35.519721,f5c749c6af23bb72fd09fdcd
adservice.google.com.gt,AVAILABILITY,origin.list,origin.list,2021-09-17 00:47:40.550959,f5c749c6af23bb72fd09fdcd
adservice.google.com.hk,AVAILABILITY,origin.list,origin.list,2021-09-17 00:47:45.582078,f5c749c6af23bb72fd09fdcd
adservice.google.com.iq,AVAILABILITY,origin.list,origin.list,2021-09-17 00:47:50.620983,f5c749c6af23bb72fd09fdcd
adservice.google.com.jm,AVAILABILITY,origin.list,origin.list,2021-09-17 00:47:55.701441,f5c749c6af23bb72fd09fdcd
adservice.google.com.jo,AVAILABILITY,origin.list,origin.list,2021-09-17 00:48:01.161907,f5c749c6af23bb72fd09fdcd
adservice.google.com.kh,AVAILABILITY,origin.list,origin.list,2021-09-17 00:48:06.225405,f5c749c6af23bb72fd09fdcd
adservice.google.com.kw,AVAILABILITY,origin.list,origin.list,2021-09-17 00:48:11.262499,f5c749c6af23bb72fd09fdcd
adservice.google.com.lb,AVAILABILITY,origin.list,origin.list,2021-09-17 00:48:16.367767,f5c749c6af23bb72fd09fdcd
adservice.google.com.ly,AVAILABILITY,origin.list,origin.list,2021-09-17 00:48:21.397341,f5c749c6af23bb72fd09fdcd
adservice.google.com.mm,AVAILABILITY,origin.list,origin.list,2021-09-17 00:48:26.436378,f5c749c6af23bb72fd09fdcd
adservice.google.com.mt,AVAILABILITY,origin.list,origin.list,2021-09-17 00:48:31.477211,f5c749c6af23bb72fd09fdcd
adservice.google.com.mx,AVAILABILITY,origin.list,origin.list,2021-09-17 00:48:36.540251,f5c749c6af23bb72fd09fdcd
adservice.google.com.my,AVAILABILITY,origin.list,origin.list,2021-09-17 00:48:41.578141,f5c749c6af23bb72fd09fdcd
adservice.google.com.na,AVAILABILITY,origin.list,origin.list,2021-09-17 00:48:46.610844,f5c749c6af23bb72fd09fdcd
adservice.google.com.nf,AVAILABILITY,origin.list,origin.list,2021-09-17 00:48:51.888281,f5c749c6af23bb72fd09fdcd
adservice.google.com.ng,AVAILABILITY,origin.list,origin.list,2021-09-17 00:48:56.925859,f5c749c6af23bb72fd09fdcd
adservice.google.com.ni,AVAILABILITY,origin.list,origin.list,2021-09-17 00:49:01.961398,f5c749c6af23bb72fd09fdcd
adservice.google.com.np,AVAILABILITY,origin.list,origin.list,2021-09-17 00:49:06.985454,f5c749c6af23bb72fd09fdcd
adservice.google.com.nr,AVAILABILITY,origin.list,origin.list,2021-09-17 00:49:12.057548,f5c749c6af23bb72fd09fdcd
adservice.google.com.om,AVAILABILITY,origin.list,origin.list,2021-09-17 00:49:17.088194,f5c749c6af23bb72fd09fdcd
adservice.google.com.pa,AVAILABILITY,origin.list,origin.list,2021-09-17 00:49:22.123668,f5c749c6af23bb72fd09fdcd
adservice.google.com.pe,AVAILABILITY,origin.list,origin.list,2021-09-17 00:49:27.194268,f5c749c6af23bb72fd09fdcd
adservice.google.com.pg,AVAILABILITY,origin.list,origin.list,2021-09-17 00:49:32.230222,f5c749c6af23bb72fd09fdcd
adservice.google.com.ph,AVAILABILITY,origin.list,origin.list,2021-09-17 00:49:37.323068,f5c749c6af23bb72fd09fdcd
adservice.google.com.pk,AVAILABILITY,origin.list,origin.list,2021-09-17 00:49:42.374729,f5c749c6af23bb72fd09fdcd
adservice.google.com.pl,AVAILABILITY,origin.list,origin.list,2021-09-17 00:49:47.516515,f5c749c6af23bb72fd09fdcd
adservice.google.com.pr,AVAILABILITY,origin.list,origin.list,2021-09-17 00:49:52.551003,f5c749c6af23bb72fd09fdcd
adservice.google.com.py,AVAILABILITY,origin.list,origin.list,2021-09-17 00:49:57.611069,f5c749c6af23bb72fd09fdcd
adservice.google.com.qa,AVAILABILITY,origin.list,origin.list,2021-09-17 00:50:02.649343,f5c749c6af23bb72fd09fdcd
adservice.google.com.ru,AVAILABILITY,origin.list,origin.list,2021-09-17 00:50:07.693836,f5c749c6af23bb72fd09fdcd
adservice.google.com.sa,AVAILABILITY,origin.list,origin.list,2021-09-17 00:50:12.713748,f5c749c6af23bb72fd09fdcd
adservice.google.com.sb,AVAILABILITY,origin.list,origin.list,2021-09-17 00:50:17.790278,f5c749c6af23bb72fd09fdcd
adservice.google.com.sg,AVAILABILITY,origin.list,origin.list,2021-09-17 00:50:22.831249,f5c749c6af23bb72fd09fdcd
adservice.google.com.sl,AVAILABILITY,origin.list,origin.list,2021-09-17 00:50:27.968110,f5c749c6af23bb72fd09fdcd
adservice.google.com.sv,AVAILABILITY,origin.list,origin.list,2021-09-17 00:50:33.000045,f5c749c6af23bb72fd09fdcd
adservice.google.com.tj,AVAILABILITY,origin.list,origin.list,2021-09-17 00:50:38.214281,f5c749c6af23bb72fd09fdcd
adservice.google.com.tn,AVAILABILITY,origin.list,origin.list,2021-09-17 00:50:43.404735,f5c749c6af23bb72fd09fdcd
adservice.google.com.tr,AVAILABILITY,origin.list,origin.list,2021-09-17 00:50:48.445365,f5c749c6af23bb72fd09fdcd
adservice.google.com.tw,AVAILABILITY,origin.list,origin.list,2021-09-17 00:50:53.478483,f5c749c6af23bb72fd09fdcd
adservice.google.com.ua,AVAILABILITY,origin.list,origin.list,2021-09-17 00:50:58.518546,f5c749c6af23bb72fd09fdcd
adservice.google.com.uy,AVAILABILITY,origin.list,origin.list,2021-09-17 00:51:03.554399,f5c749c6af23bb72fd09fdcd
adservice.google.com.vc,AVAILABILITY,origin.list,origin.list,2021-09-17 00:51:08.801298,f5c749c6af23bb72fd09fdcd
adservice.google.com.ve,AVAILABILITY,origin.list,origin.list,2021-09-17 00:51:14.581394,f5c749c6af23bb72fd09fdcd
adservice.google.com.vn,AVAILABILITY,origin.list,origin.list,2021-09-17 00:51:19.650012,f5c749c6af23bb72fd09fdcd
adservice.google.cv,AVAILABILITY,origin.list,origin.list,2021-09-17 00:51:24.722839,f5c749c6af23bb72fd09fdcd
adservice.google.cz,AVAILABILITY,origin.list,origin.list,2021-09-17 00:51:29.835454,f5c749c6af23bb72fd09fdcd
adservice.google.de,AVAILABILITY,origin.list,origin.list,2021-09-17 00:51:34.942886,f5c749c6af23bb72fd09fdcd
adservice.google.dj,AVAILABILITY,origin.list,origin.list,2021-09-17 00:51:40.878960,f5c749c6af23bb72fd09fdcd
adservice.google.dk,AVAILABILITY,origin.list,origin.list,2021-09-17 00:51:46.211287,f5c749c6af23bb72fd09fdcd
adservice.google.dm,AVAILABILITY,origin.list,origin.list,2021-09-17 00:51:51.875592,f5c749c6af23bb72fd09fdcd
adservice.google.dz,AVAILABILITY,origin.list,origin.list,2021-09-17 00:51:57.213067,f5c749c6af23bb72fd09fdcd
adservice.google.ee,AVAILABILITY,origin.list,origin.list,2021-09-17 00:52:02.284389,f5c749c6af23bb72fd09fdcd
adservice.google.es,AVAILABILITY,origin.list,origin.list,2021-09-17 00:52:07.387169,f5c749c6af23bb72fd09fdcd
adservice.google.fi,AVAILABILITY,origin.list,origin.list,2021-09-17 00:52:12.437465,f5c749c6af23bb72fd09fdcd
adservice.google.fm,AVAILABILITY,origin.list,origin.list,2021-09-17 00:52:17.538344,f5c749c6af23bb72fd09fdcd
adservice.google.fr,AVAILABILITY,origin.list,origin.list,2021-09-17 00:52:22.577473,f5c749c6af23bb72fd09fdcd
adservice.google.ga,AVAILABILITY,origin.list,origin.list,2021-09-17 00:52:28.137283,f5c749c6af23bb72fd09fdcd
adservice.google.ge,AVAILABILITY,origin.list,origin.list,2021-09-17 00:52:33.721020,f5c749c6af23bb72fd09fdcd
adservice.google.gf,AVAILABILITY,origin.list,origin.list,2021-09-17 00:52:39.220327,f5c749c6af23bb72fd09fdcd
adservice.google.gg,AVAILABILITY,origin.list,origin.list,2021-09-17 00:52:44.502714,f5c749c6af23bb72fd09fdcd
adservice.google.gl,AVAILABILITY,origin.list,origin.list,2021-09-17 00:52:49.562616,f5c749c6af23bb72fd09fdcd
adservice.google.gm,AVAILABILITY,origin.list,origin.list,2021-09-17 00:52:55.673904,f5c749c6af23bb72fd09fdcd
adservice.google.gp,AVAILABILITY,origin.list,origin.list,2021-09-17 00:53:00.980118,f5c749c6af23bb72fd09fdcd
adservice.google.gr,AVAILABILITY,origin.list,origin.list,2021-09-17 00:53:06.401235,f5c749c6af23bb72fd09fdcd
adservice.google.gy,AVAILABILITY,origin.list,origin.list,2021-09-17 00:53:11.609691,f5c749c6af23bb72fd09fdcd
adservice.google.hk,AVAILABILITY,origin.list,origin.list,2021-09-17 00:53:17.012277,f5c749c6af23bb72fd09fdcd
adservice.google.hn,AVAILABILITY,origin.list,origin.list,2021-09-17 00:53:22.051193,f5c749c6af23bb72fd09fdcd
adservice.google.hr,AVAILABILITY,origin.list,origin.list,2021-09-17 00:53:27.304303,f5c749c6af23bb72fd09fdcd
adservice.google.ht,AVAILABILITY,origin.list,origin.list,2021-09-17 00:53:32.374437,f5c749c6af23bb72fd09fdcd
adservice.google.hu,AVAILABILITY,origin.list,origin.list,2021-09-17 00:53:37.423745,f5c749c6af23bb72fd09fdcd
adservice.google.ie,AVAILABILITY,origin.list,origin.list,2021-09-17 00:53:42.468126,f5c749c6af23bb72fd09fdcd
adservice.google.im,AVAILABILITY,origin.list,origin.list,2021-09-17 00:53:48.451524,f5c749c6af23bb72fd09fdcd
adservice.google.in,AVAILABILITY,origin.list,origin.list,2021-09-17 00:53:53.547654,f5c749c6af23bb72fd09fdcd
adservice.google.io,AVAILABILITY,origin.list,origin.list,2021-09-17 00:53:58.762446,f5c749c6af23bb72fd09fdcd
adservice.google.iq,AVAILABILITY,origin.list,origin.list,2021-09-17 00:54:03.836203,f5c749c6af23bb72fd09fdcd
adservice.google.is,AVAILABILITY,origin.list,origin.list,2021-09-17 00:54:09.153072,f5c749c6af23bb72fd09fdcd
adservice.google.it,AVAILABILITY,origin.list,origin.list,2021-09-17 00:54:14.179540,f5c749c6af23bb72fd09fdcd
adservice.google.it.ao,AVAILABILITY,origin.list,origin.list,2021-09-17 00:54:19.221452,f5c749c6af23bb72fd09fdcd
adservice.google.je,AVAILABILITY,origin.list,origin.list,2021-09-17 00:54:24.365906,f5c749c6af23bb72fd09fdcd
adservice.google.jo,AVAILABILITY,origin.list,origin.list,2021-09-17 00:54:29.421247,f5c749c6af23bb72fd09fdcd
adservice.google.jp,AVAILABILITY,origin.list,origin.list,2021-09-17 00:54:34.483298,f5c749c6af23bb72fd09fdcd
adservice.google.kg,AVAILABILITY,origin.list,origin.list,2021-09-17 00:54:40.148167,f5c749c6af23bb72fd09fdcd
adservice.google.ki,AVAILABILITY,origin.list,origin.list,2021-09-17 00:54:45.238013,f5c749c6af23bb72fd09fdcd
adservice.google.kz,AVAILABILITY,origin.list,origin.list,2021-09-17 00:54:50.434111,f5c749c6af23bb72fd09fdcd
adservice.google.la,AVAILABILITY,origin.list,origin.list,2021-09-17 00:54:55.481871,f5c749c6af23bb72fd09fdcd
adservice.google.li,AVAILABILITY,origin.list,origin.list,2021-09-17 00:55:00.559939,f5c749c6af23bb72fd09fdcd
adservice.google.lk,AVAILABILITY,origin.list,origin.list,2021-09-17 00:55:05.634239,f5c749c6af23bb72fd09fdcd
adservice.google.lt,AVAILABILITY,origin.list,origin.list,2021-09-17 00:55:11.406589,f5c749c6af23bb72fd09fdcd
adservice.google.lu,AVAILABILITY,origin.list,origin.list,2021-09-17 00:55:16.510133,f5c749c6af23bb72fd09fdcd
adservice.google.lv,AVAILABILITY,origin.list,origin.list,2021-09-17 00:55:21.793591,f5c749c6af23bb72fd09fdcd
adservice.google.md,AVAILABILITY,origin.list,origin.list,2021-09-17 00:55:27.421500,f5c749c6af23bb72fd09fdcd
adservice.google.me,AVAILABILITY,origin.list,origin.list,2021-09-17 00:55:32.642202,f5c749c6af23bb72fd09fdcd
adservice.google.mg,AVAILABILITY,origin.list,origin.list,2021-09-17 00:55:37.692748,f5c749c6af23bb72fd09fdcd
adservice.google.mk,AVAILABILITY,origin.list,origin.list,2021-09-17 00:55:43.023575,f5c749c6af23bb72fd09fdcd
adservice.google.ml,AVAILABILITY,origin.list,origin.list,2021-09-17 00:55:48.063505,f5c749c6af23bb72fd09fdcd
adservice.google.mn,AVAILABILITY,origin.list,origin.list,2021-09-17 00:55:53.156922,f5c749c6af23bb72fd09fdcd
adservice.google.ms,AVAILABILITY,origin.list,origin.list,2021-09-17 00:55:58.250668,f5c749c6af23bb72fd09fdcd
adservice.google.mu,AVAILABILITY,origin.list,origin.list,2021-09-17 00:56:03.279369,f5c749c6af23bb72fd09fdcd
adservice.google.mv,AVAILABILITY,origin.list,origin.list,2021-09-17 00:56:08.551658,f5c749c6af23bb72fd09fdcd
adservice.google.mw,AVAILABILITY,origin.list,origin.list,2021-09-17 00:56:13.646144,f5c749c6af23bb72fd09fdcd
adservice.google.ne,AVAILABILITY,origin.list,origin.list,2021-09-17 00:56:20.680548,f5c749c6af23bb72fd09fdcd
adservice.google.ne.jp,AVAILABILITY,origin.list,origin.list,2021-09-17 00:56:25.933649,f5c749c6af23bb72fd09fdcd
adservice.google.ng,AVAILABILITY,origin.list,origin.list,2021-09-17 00:56:31.135843,f5c749c6af23bb72fd09fdcd
adservice.google.nl,AVAILABILITY,origin.list,origin.list,2021-09-17 00:56:36.243215,f5c749c6af23bb72fd09fdcd
adservice.google.no,AVAILABILITY,origin.list,origin.list,2021-09-17 00:56:41.286110,f5c749c6af23bb72fd09fdcd
adservice.google.nr,AVAILABILITY,origin.list,origin.list,2021-09-17 00:56:47.132961,f5c749c6af23bb72fd09fdcd
adservice.google.nu,AVAILABILITY,origin.list,origin.list,2021-09-17 00:56:52.332408,f5c749c6af23bb72fd09fdcd
adservice.google.off.ai,AVAILABILITY,origin.list,origin.list,2021-09-17 00:56:57.403947,f5c749c6af23bb72fd09fdcd
adservice.google.pk,AVAILABILITY,origin.list,origin.list,2021-09-17 00:57:02.759774,f5c749c6af23bb72fd09fdcd
adservice.google.pl,AVAILABILITY,origin.list,origin.list,2021-09-17 00:57:07.798874,f5c749c6af23bb72fd09fdcd
adservice.google.pn,AVAILABILITY,origin.list,origin.list,2021-09-17 00:57:12.938392,f5c749c6af23bb72fd09fdcd
adservice.google.ps,AVAILABILITY,origin.list,origin.list,2021-09-17 00:57:18.026507,f5c749c6af23bb72fd09fdcd
adservice.google.pt,AVAILABILITY,origin.list,origin.list,2021-09-17 00:57:23.225492,f5c749c6af23bb72fd09fdcd
adservice.google.ro,AVAILABILITY,origin.list,origin.list,2021-09-17 00:57:28.264703,f5c749c6af23bb72fd09fdcd
adservice.google.rs,AVAILABILITY,origin.list,origin.list,2021-09-17 00:57:33.333631,f5c749c6af23bb72fd09fdcd
adservice.google.ru,AVAILABILITY,origin.list,origin.list,2021-09-17 00:57:38.369312,f5c749c6af23bb72fd09fdcd
adservice.google.rw,AVAILABILITY,origin.list,origin.list,2021-09-17 00:57:43.438402,f5c749c6af23bb72fd09fdcd
adservice.google.sc,AVAILABILITY,origin.list,origin.list,2021-09-17 00:57:48.825762,f5c749c6af23bb72fd09fdcd
adservice.google.se,AVAILABILITY,origin.list,origin.list,2021-09-17 00:57:53.858168,f5c749c6af23bb72fd09fdcd
adservice.google.sh,AVAILABILITY,origin.list,origin.list,2021-09-17 00:57:59.094786,f5c749c6af23bb72fd09fdcd
adservice.google.si,AVAILABILITY,origin.list,origin.list,2021-09-17 00:58:04.235814,f5c749c6af23bb72fd09fdcd
adservice.google.sk,AVAILABILITY,origin.list,origin.list,2021-09-17 00:58:09.284123,f5c749c6af23bb72fd09fdcd
adservice.google.sm,AVAILABILITY,origin.list,origin.list,2021-09-17 00:58:14.407987,f5c749c6af23bb72fd09fdcd
adservice.google.sn,AVAILABILITY,origin.list,origin.list,2021-09-17 00:58:19.988107,f5c749c6af23bb72fd09fdcd
adservice.google.so,AVAILABILITY,origin.list,origin.list,2021-09-17 00:58:25.046154,f5c749c6af23bb72fd09fdcd
adservice.google.sr,AVAILABILITY,origin.list,origin.list,2021-09-17 00:58:30.486828,f5c749c6af23bb72fd09fdcd
adservice.google.st,AVAILABILITY,origin.list,origin.list,2021-09-17 00:58:35.786053,f5c749c6af23bb72fd09fdcd
adservice.google.td,AVAILABILITY,origin.list,origin.list,2021-09-17 00:58:40.915580,f5c749c6af23bb72fd09fdcd
adservice.google.tel,AVAILABILITY,origin.list,origin.list,2021-09-17 00:58:45.999882,f5c749c6af23bb72fd09fdcd
adservice.google.tg,AVAILABILITY,origin.list,origin.list,2021-09-17 00:58:51.836310,f5c749c6af23bb72fd09fdcd
adservice.google.tk,AVAILABILITY,origin.list,origin.list,2021-09-17 00:58:58.026228,f5c749c6af23bb72fd09fdcd
adservice.google.tl,AVAILABILITY,origin.list,origin.list,2021-09-17 00:59:03.085621,f5c749c6af23bb72fd09fdcd
adservice.google.tm,AVAILABILITY,origin.list,origin.list,2021-09-17 00:59:08.393211,f5c749c6af23bb72fd09fdcd
adservice.google.tn,AVAILABILITY,origin.list,origin.list,2021-09-17 00:59:13.466443,f5c749c6af23bb72fd09fdcd
adservice.google.to,AVAILABILITY,origin.list,origin.list,2021-09-17 00:59:18.773104,f5c749c6af23bb72fd09fdcd
adservice.google.tt,AVAILABILITY,origin.list,origin.list,2021-09-17 00:59:23.815939,f5c749c6af23bb72fd09fdcd
adservice.google.tw,AVAILABILITY,origin.list,origin.list,2021-09-17 00:59:29.362004,f5c749c6af23bb72fd09fdcd
adservice.google.ua,AVAILABILITY,origin.list,origin.list,2021-09-17 00:59:34.457427,f5c749c6af23bb72fd09fdcd
adservice.google.us,AVAILABILITY,origin.list,origin.list,2021-09-17 00:59:39.561945,f5c749c6af23bb72fd09fdcd
adservice.google.uz,AVAILABILITY,origin.list,origin.list,2021-09-17 00:59:44.978025,f5c749c6af23bb72fd09fdcd
adservice.google.vg,AVAILABILITY,origin.list,origin.list,2021-09-17 00:59:50.125401,f5c749c6af23bb72fd09fdcd
adservice.google.vu,AVAILABILITY,origin.list,origin.list,2021-09-17 00:59:55.205199,f5c749c6af23bb72fd09fdcd
adservice.google.ws,AVAILABILITY,origin.list,origin.list,2021-09-17 01:00:00.382445,f5c749c6af23bb72fd09fdcd
id.google.ac,AVAILABILITY,origin.list,origin.list,2021-09-17 01:00:04.739355,f5c749c6af23bb72fd09fdcd
id.google.ad,AVAILABILITY,origin.list,origin.list,2021-09-17 01:00:09.319947,f5c749c6af23bb72fd09fdcd
id.google.ae,AVAILABILITY,origin.list,origin.list,2021-09-17 01:00:13.803597,f5c749c6af23bb72fd09fdcd
id.google.af,AVAILABILITY,origin.list,origin.list,2021-09-17 01:00:18.047793,f5c749c6af23bb72fd09fdcd
id.google.ag,AVAILABILITY,origin.list,origin.list,2021-09-17 01:00:22.364158,f5c749c6af23bb72fd09fdcd
id.google.al,AVAILABILITY,origin.list,origin.list,2021-09-17 01:00:26.550843,f5c749c6af23bb72fd09fdcd
id.google.am,AVAILABILITY,origin.list,origin.list,2021-09-17 01:00:30.743102,f5c749c6af23bb72fd09fdcd
id.google.as,AVAILABILITY,origin.list,origin.list,2021-09-17 01:00:34.907492,f5c749c6af23bb72fd09fdcd
id.google.at,AVAILABILITY,origin.list,origin.list,2021-09-17 01:00:39.071980,f5c749c6af23bb72fd09fdcd
